<?xml version="1.0" encoding="utf-8"?>
<extension
	type="module"
	version="2.5.0"
	client="site"
	method="upgrade">
	<name>mod_joompro_articles_author</name>
	<author>Mark Dexter and Louis Landry</author>
	<creationDate>January 2012</creationDate>
	<copyright>Copyright (C) 2012 Mark Dexter and Louis Landry. All rights reserved.</copyright>
	<license>GNU General Public License version 2 or later; see LICENSE.txt</license>
	<authorEmail>admin@joomla.org</authorEmail>
	<authorUrl>www.joomla.org</authorUrl>
	<version>1.6.0</version>
	<description>MOD_JOOMPRO_ARTICLES_AUTHOR_DESCRIPTION</description>
	<files>
		<filename module="mod_joompro_articles_author">mod_joompro_articles_author.php</filename>
		<folder>tmpl</folder>
		<filename>countinteger.php</filename>
		<filename>helper.php</filename>
		<filename>index.html</filename>
		<folder>language</folder>
	</files>
	<help key="JHELP_EXTENSIONS_MODULE_JOOMPRO_ARTICLES_AUTHOR" />
	<config>
		<fields name="params">
			<fieldset name="basic" addrulepath="modules/mod_joompro_articles_author">
				<field
					name="count"
					type="text"
					validate="countinteger"
					minimum="1"
					maximum="13"
					filter="integer"
					default="5"
					label="MOD_JOOMPRO_ARTICLES_AUTHOR_FIELD_NUMBER_LABEL"
					description="MOD_JOOMPRO_ARTICLES_AUTHOR_FIELD_NUMBER_DESC">
				</field>
				<field name="article_ordering" type="list"
					default="a.title"
					validate="options"
					label="MOD_JOOMPRO_ARTICLES_AUTHOR_FIELD_ARTICLEORDERING_LABEL"
					description="MOD_JOOMPRO_ARTICLES_AUTHOR_FIELD_ARTICLEORDERING_DESC"
				>
					<option value="a.title">JGLOBAL_TITLE
					</option>
					<option value="a.hits">MOD_JOOMPRO_ARTICLES_AUTHOR_OPTION_HITS_VALUE
					</option>
					<option value="a.created">MOD_JOOMPRO_ARTICLES_AUTHOR_OPTION_CREATED_VALUE
					</option>
					<option value="a.publish_up">MOD_JOOMPRO_ARTICLES_AUTHOR_OPTION_STARTPUBLISHING_VALUE
					</option>
				</field>
				<field name="article_ordering_direction" type="list"
					default="ASC"
					validate="options"
					label="MOD_ARTICLES_CATEGORY_FIELD_ARTICLEORDERINGDIR_LABEL"
					description="MOD_ARTICLES_CATEGORY_FIELD_ARTICLEORDERINGDIR_DESC"
				>
					<option value="DESC">MOD_JOOMPRO_ARTICLES_AUTHOR_OPTION_DESCENDING_VALUE
					</option>
					<option value="ASC">MOD_JOOMPRO_ARTICLES_AUTHOR_OPTION_ASCENDING_VALUE
					</option>
				</field>
			</fieldset>
			<fieldset
				name="advanced">
				<field
					name="layout"
					type="modulelayout"
					label="JFIELD_ALT_LAYOUT_LABEL"
					description="JFIELD_ALT_MODULE_LAYOUT_DESC" />

				<field
					name="moduleclass_sfx"
					type="text"
					label="COM_MODULES_FIELD_MODULECLASS_SFX_LABEL"
					description="COM_MODULES_FIELD_MODULECLASS_SFX_DESC" />

				<field
					name="cache"
					type="list"
					default="1"
					label="COM_MODULES_FIELD_CACHING_LABEL"
					description="COM_MODULES_FIELD_CACHING_DESC">
					<option
						value="1">JGLOBAL_USE_GLOBAL</option>
					<option
						value="0">COM_MODULES_FIELD_VALUE_NOCACHING</option>
				</field>
				<field
					name="cache_time"
					type="text"
					default="900"
					label="COM_MODULES_FIELD_CACHE_TIME_LABEL"
					description="COM_MODULES_FIELD_CACHE_TIME_DESC" />
				<field
					name="cachemode"
					type="hidden"
					default="static">
					<option
						value="static"></option>
				</field>
			</fieldset>
		</fields>
	</config>
</extension>
